{"phase": 1, "step": 0, "loss": 11.027815}
{"phase": 1, "step": 50, "loss": 5.082751}
{"phase": 1, "step": 100, "loss": 4.671265}
{"phase": 1, "step": 150, "loss": 4.340197}
{"phase": 1, "step": 200, "loss": 3.712919}
{"phase": 1, "step": 250, "loss": 3.751113}
{"phase": 1, "step": 300, "loss": 3.561222}
{"phase": 1, "step": 350, "loss": 3.608693}
{"phase": 1, "step": 400, "loss": 3.534736}
{"phase": 1, "step": 450, "loss": 3.301931}
{"phase": 1, "step": 500, "loss": 3.358549}
{"phase": 1, "step": 550, "loss": 3.256189}
{"phase": 1, "step": 600, "loss": 3.18139}
{"phase": 1, "step": 650, "loss": 3.103059}
{"phase": 1, "step": 700, "loss": 2.940791}
{"phase": 1, "step": 750, "loss": 2.820201}
{"phase": 1, "step": 800, "loss": 3.050167}
{"phase": 1, "step": 850, "loss": 3.070581}
{"phase": 1, "step": 900, "loss": 2.841358}
{"phase": 1, "step": 950, "loss": 3.007409}
{"phase": 1, "step": 999, "loss": 2.790222}
{"phase": 2, "step": 1000, "loss": 3.232207}
{"phase": 2, "step": 1050, "loss": 2.725787}
{"phase": 2, "step": 1100, "loss": 3.169547}
{"phase": 2, "step": 1150, "loss": 2.937799}
{"phase": 2, "step": 1200, "loss": 2.483528}
{"phase": 2, "step": 1250, "loss": 2.902833}
{"phase": 2, "step": 1300, "loss": 2.656168}
{"phase": 2, "step": 1350, "loss": 2.581997}
{"phase": 2, "step": 1400, "loss": 2.600369}
{"phase": 2, "step": 1450, "loss": 2.627718}
{"phase": 2, "step": 1500, "loss": 2.540287}
{"phase": 2, "step": 1550, "loss": 2.509787}
{"phase": 2, "step": 1600, "loss": 2.839325}
{"phase": 2, "step": 1650, "loss": 2.577148}
{"phase": 2, "step": 1700, "loss": 2.613603}
{"phase": 2, "step": 1750, "loss": 2.388299}
{"phase": 2, "step": 1800, "loss": 2.667773}
{"phase": 2, "step": 1850, "loss": 2.270527}
{"phase": 2, "step": 1900, "loss": 2.492604}
{"phase": 2, "step": 1950, "loss": 2.332592}
{"phase": 2, "step": 1999, "loss": 2.580506}
